Id,Artista
0,Chuck Berry
1,The Beatles
2,BTS
3,Stam1na
4,Official HIGE DANdism
5,Alphaxone
6,Robert Schumann;Pavel Nersessian
7,Håkan Hellström
8,Bryan Adams
9,Norah Jones
10,Los Prisioneros
11,Los Prisioneros
12,Ellie Goulding
13,Feid
14,Dan Gibson's Solitudes
15,Rammstein
16,Criolo
17,Pink Floyd
18,The Chemical Brothers
19,"Sarah, the Illstrumentalist"
20,George Jones
21,The Jackson 5
22,Weezer
23,salem ilese
24,BOØWY
25,The Beach Boys
26,Trazendo a Arca
27,Scooter
28,Daddy Yankee;Bad Bunny
29,Anupam Roy
30,Vybz Kartel
31,Daddy Yankee;Bad Bunny
32,The Chemical Brothers
33,Jason Mraz
34,Ella Fitzgerald
35,Mr.Children
36,Charly García
37,Eason Chan
38,Robert Schumann;Pavel Nersessian
39,Gerson Rufino
40,Burna Boy
41,Chuck Berry
42,Jason Mraz
43,The Beatles
44,Ritviz
45,Hank Williams;Drifting Cowboys
46,Hillsong Worship
47,Blake Rules;Netherfriends
48,Prateek Kuhad
49,Daddy Yankee;Bad Bunny
50,The Beach Boys
51,Chuck Berry
52,Linkin Park
53,Norah Jones
54,Stevie Wonder
55,my little airport
56,Linkin Park
57,Stevie Wonder
58,The Beatles
59,BOØWY
60,Stevie Wonder
61,Jay Chou
62,Robert Hood
63,XXXTENTACION
64,Anupam Roy
65,Almafuerte
66,Dean Martin
67,Ellie Goulding
68,Criolo
69,Dean Martin
70,Chuck Berry
71,Feid
72,Anupam Roy
73,Dan Gibson's Solitudes
74,BTS
75,BTS
76,Jason Mraz
77,Bruno Mars;Anderson .Paak;Silk Sonic
78,my little airport
79,Jason Mraz
80,George Jones
81,OneRepublic
82,Stam1na
83,Germaine Franco
84,The Prophet
85,The Jackson 5
86,Stevie Wonder
87,BOØWY
88,Bryan Adams
89,Los Prisioneros
90,BOØWY
91,OneRepublic
92,Little Symphony
93,"Sarah, the Illstrumentalist"
94,Inner City
95,The Beach Boys
96,Drexciya
97,Chuck Berry
98,Jack Harlow
99,Royal Blood
100,Maneva
101,Ritviz
102,George Jones
103,Jay Chou
104,Rob Zombie
105,Ray Price
106,Linkin Park
107,Elvis Presley
108,Nogizaka46
109,Jimmy Eat World
110,The Strokes
111,Daddy Yankee;Bad Bunny
112,The Supremes
113,The Beatles
114,Cooltime Kids
115,my little airport
116,Scooter
117,my little airport
118,Glee Cast
119,Scooter
120,Elvis Presley
121,Brenda Lee
122,Ella Fitzgerald
123,Tiësto;Charli XCX
124,RADWIMPS
125,Criolo
126,Chuck Berry
127,Norah Jones
128,Cooltime Kids
129,J Balvin
130,Tom Petty and the Heartbreakers
131,Eason Chan
132,Carajo
133,Vadim Kozin
134,Arctic Monkeys
135,When Chai Met Toast
136,Stevie Wonder
137,Ella Fitzgerald
138,J Balvin;Maria Becerra
139,Lorne Balfe
140,Nirvana
141,Exaltasamba
142,The Neighbourhood
143,Burna Boy
144,BTS
145,Criolo
146,Scooter
147,George Jones
148,The Beatles
149,Soda Stereo
150,The Beatles
151,Vybz Kartel
152,my little airport
153,Matanza
154,Don Omar
155,Yiruma
156,Inner City
157,Robert Hood
158,Stevie Wonder
159,Scooter
160,The Supremes
161,Gojira
162,Prateek Kuhad
163,Criolo
164,Red Hot Chili Peppers
165,The Supremes
166,Håkan Hellström
167,ONE OK ROCK
168,BTS
169,Norah Jones
170,Asspera
171,Prateek Kuhad
172,Robin Schulz;David Guetta
173,Scorpions
174,Rob Zombie
175,Arctic Monkeys
176,Vybz Kartel
177,Stevie Wonder
178,Robert Schumann;Pavel Nersessian
179,Ritviz
180,Os Barões Da Pisadinha
181,Justin Bieber
182,Boris Brejcha
183,Legião Urbana
184,Anupam Roy
185,Linkin Park
186,O Rappa
187,Hank Williams
188,Chris Tomlin
189,Glee Cast
190,my little airport
191,Tom Petty and the Heartbreakers
192,Nogizaka46
193,my little airport
194,OneRepublic
195,Glee Cast
196,Jay Chou
197,Germaine Franco
198,Jhayco;Anuel AA
199,Ella Fitzgerald
200,Gojira
201,Weezer
202,Red Hot Chili Peppers
203,Ella Fitzgerald
204,Rammstein
205,The Prophet
206,Feid
207,Kathleen Madigan
208,CoComelon
209,Anupam Roy
210,Timothy Infinite
211,Criolo
212,Bryan Adams
213,Jhayco
214,Scooter
215,ONE OK ROCK
216,Patricio Rey y sus Redonditos de Ricota
217,Cigarettes After Sex
218,Ella Fitzgerald
219,Rob Zombie
220,Bruno Mars;Anderson .Paak;Silk Sonic
221,Hank Williams;Drifting Cowboys
222,BTS
223,Linkin Park
224,Norah Jones
225,XXXTENTACION
226,Gerson Rufino
227,my little airport
228,Justin Bieber
229,Hank Williams
230,Linkin Park
231,Nickelback
232,BTS
233,Scooter
234,Rata Blanca
235,Kato
236,Legião Urbana
237,Wolfgang Amadeus Mozart;Danielle Laval
238,Hermetica
239,Patricio Rey y sus Redonditos de Ricota
240,Norah Jones
241,Carajo
242,Maneva
243,Kemuel
244,Bryan Adams
245,Linkin Park
246,Shinedown
247,Los Prisioneros
248,Lamb of God
249,Kid Abelha
250,The Beatles
251,Glee Cast
252,Red Hot Chili Peppers
253,Royal Blood
254,my little airport
255,Norah Jones
256,Mini Pop Kids
257,The Neighbourhood
258,Stam1na
259,Bullet For My Valentine
260,Chuck Berry
261,my little airport
262,Kato
263,Nirvana
264,Kevin Roldan
265,BTS
266,Jay Chou
267,Nirvana
268,Chuck Berry
269,Jhayco;Bad Bunny
270,The Supremes
271,Ella Fitzgerald
272,CoComelon
273,BTS
274,Weezer
275,The Beach Boys
276,Scooter
277,Cigarettes After Sex
278,Jack Harlow
279,Vybz Kartel
280,Norah Jones
281,Jorge Drexler
282,Glee Cast
283,Linkin Park
284,The Beatles
285,Vybz Kartel
286,The Neighbourhood
287,The Beatles
288,Pink Sweat$
289,Bruno Mars;Anderson .Paak;Silk Sonic
290,Red Hot Chili Peppers
291,Glee Cast
292,KAROL G
293,my little airport
294,Kidz Bop Kids
295,Norah Jones
296,CoComelon
297,Cooltime Kids
298,Wisin & Yandel
299,Lamb of God
300,Tiësto;Charli XCX
301,Rob Zombie
302,Jorge Drexler
303,KAROL G
304,Yiruma
305,Nat King Cole
306,Linkin Park
307,Jhayco
308,my little airport
309,The Prodigy
310,Kathleen Madigan
311,Anupam Roy
312,Rammstein
313,Drexciya
314,Jimmy Eat World
315,Robert Hood
316,BTS
317,Ella Fitzgerald
318,Prateek Kuhad
319,The Chemical Brothers
320,Ella Fitzgerald
321,Eason Chan
322,Anupam Roy
323,Arctic Monkeys
324,Patricio Rey y sus Redonditos de Ricota
325,Anupam Roy
326,George Jones
327,Vybz Kartel
328,Daddy Yankee
329,Ella Fitzgerald
330,Alphaxone
331,BTS
332,Anupam Roy
333,Jimmy Eat World
334,Little Symphony
335,Arctic Monkeys
336,my little airport
337,Kathleen Madigan
338,"Sarah, the Illstrumentalist"
339,Charly García
340,George Jones
341,Hermetica
342,Asspera
343,Eason Chan
344,Kato
345,Marilyn Manson
346,Bruno Mars;Anderson .Paak;Silk Sonic
347,XXXTENTACION
348,Nickelback
349,blink-182
350,Norah Jones
351,OneRepublic
352,Os Barões Da Pisadinha
353,Bryan Adams
354,Ella Fitzgerald
355,The Beatles
356,Prateek Kuhad
357,Boris Brejcha
358,Vybz Kartel
359,BTS
360,The Beatles
361,my little airport
362,BTS
363,Feid
364,KAROL G
365,Jhayco;Bad Bunny
366,Håkan Hellström
367,Greensky Bluegrass
368,Feid
369,My Chemical Romance
370,Wisin & Yandel
371,Asspera
372,Stevie Wonder
373,Rob Zombie
374,Glee Cast
375,Greensky Bluegrass
376,Eason Chan
377,Eason Chan
378,Trazendo a Arca
379,Nogizaka46
380,The Beatles
381,Red Hot Chili Peppers
382,Wisin & Yandel
383,Ella Fitzgerald
384,BaianaSystem
385,BTS
386,Lamb of God
387,Ghost
388,The Neighbourhood
389,Weezer
390,Los Prisioneros
391,George Jones
392,Criolo
393,Adele
394,Ella Fitzgerald
395,Matt Large
396,Chronic Law
397,The Chemical Brothers
398,Daddy Yankee
399,George Jones
400,Chuck Berry
401,Anupam Roy
402,my little airport
403,Glee Cast
404,Scooter
405,Norah Jones
406,Jay Chou
407,Germaine Franco
408,Hillsong Worship
409,Chuck Berry
410,Burna Boy
411,Elvis Presley
412,The Beatles
413,Stevie Wonder
414,"Sarah, the Illstrumentalist"
415,The Beatles
416,Håkan Hellström
417,Rob Zombie
418,Stevie Wonder
419,Eason Chan
420,When Chai Met Toast
421,BTS
422,Bryan Adams
423,Momoiro Clover Z
424,Shiritsu Ebisu Chugaku
425,Hillsong Worship
426,Scooter
427,Keyakizaka46
428,Lamb of God
429,Criolo
430,CoComelon
431,Kato
432,Red Hot Chili Peppers
433,Don Omar
434,Hank Williams
435,Legião Urbana
436,CoComelon
437,Jason Mraz
438,Nightwish
439,Criolo
440,Koo Koo Kanga Roo
441,Shiritsu Ebisu Chugaku
442,Anupam Roy
443,CoComelon
444,Chris Tomlin
445,Ritviz
446,Kathleen Madigan
447,The Beatles
448,Daddy Yankee
449,Scooter
450,Os Barões Da Pisadinha
451,Os Barões Da Pisadinha
452,The Beatles
453,Seiko Matsuda
454,Anupam Roy
455,Justnormal
456,Criolo
457,Greensky Bluegrass
458,George Jones
459,Gerson Rufino
460,Keyakizaka46
461,CoComelon
462,Don Omar
463,Jamie Cullum
464,George Jones
465,Bruno Mars;Anderson .Paak;Silk Sonic
466,Charlie Brown Jr.
467,Koo Koo Kanga Roo
468,Yiruma
469,Norah Jones
470,Jay Chou
471,Dean Martin
472,Chuck Berry
473,Bullet For My Valentine
474,Wisin & Yandel
475,Boris Brejcha
476,Kato
477,Koo Koo Kanga Roo
478,Jhayco;Bad Bunny
479,J Balvin
480,BTS
481,Glee Cast
482,Nat King Cole
483,The Chemical Brothers
484,Nat King Cole
485,Glee Cast
486,Greensky Bluegrass
487,Legião Urbana
488,Prateek Kuhad
489,Eason Chan
490,Bring Me The Horizon
491,my little airport
492,Cigarettes After Sex
493,Stevie Wonder
494,Ella Fitzgerald
495,Justin Bieber
496,Oleg Pogudin
497,Glee Cast
498,Hank Williams
499,The Beatles
500,my little airport
501,Jason Mraz
502,Glee Cast
503,Elvis Presley
504,ONE OK ROCK
505,Cigarettes After Sex
506,"Sarah, the Illstrumentalist"
507,Almafuerte
508,Nogizaka46
509,Charlie Brown Jr.
510,J Balvin;Maria Becerra
511,The Supremes
512,Ella Fitzgerald
513,Norah Jones
514,Hank Williams
515,Daddy Yankee
516,Håkan Hellström
517,Prateek Kuhad
518,Maneva
519,Kidz Bop Kids
520,Glee Cast
521,The Beatles
522,Adele
523,Burna Boy
524,Dan Gibson's Solitudes
525,Pink Sweat$
526,blink-182
527,Os Barões Da Pisadinha
528,Adele
529,The Rolling Stones
530,The Prodigy
531,Ella Fitzgerald
532,Norah Jones
533,Almafuerte
534,Chronic Law
535,The Beatles
536,Elvis Presley
537,Nikolay Kopylov
538,The Beatles
539,Prateek Kuhad
540,Norah Jones
541,Momoiro Clover Z
542,Hank Williams;Drifting Cowboys
543,Kidz Bop Kids
544,Ella Fitzgerald
545,Glee Cast
546,Charlie Brown Jr.
547,Seiko Matsuda
548,my little airport
549,Tom Petty and the Heartbreakers
550,Glee Cast
551,Glee Cast
552,The Beatles
553,Norah Jones
554,Feid
555,Robert Schumann;Pavel Nersessian
556,Hank Williams
557,Matanza
558,My Chemical Romance
559,Glee Cast
560,The Neighbourhood
561,Weezer
562,Linkin Park
563,Kathleen Madigan
564,Feid
565,Linkin Park
566,J Balvin
567,Glee Cast
568,George Jones
569,KAROL G
570,Henrique & Juliano
571,Ella Fitzgerald
572,J Balvin
573,Jimmy Eat World
574,Eason Chan
575,Mickie Krause
576,Ella Fitzgerald
577,Elvis Presley
578,Eikichi Yazawa
579,George Jones
580,Billie Eilish
581,Norah Jones
582,Ella Fitzgerald
583,Almafuerte
584,Yiruma
585,Glee Cast
586,Blake Rules;Netherfriends
587,Nirvana
588,Jim Brickman
589,Vybz Kartel
590,Glee Cast
591,Dean Martin
592,Glee Cast
593,Glee Cast
594,Robert Schumann;Pavel Nersessian
595,Wisin & Yandel
596,My Chemical Romance
597,Prateek Kuhad
598,Nickelback
599,Linkin Park
600,Arctic Monkeys
601,Official HIGE DANdism
602,Håkan Hellström
603,Stevie Wonder
604,Ellie Goulding
605,Rammstein
606,Dora The Explorer
607,Vybz Kartel
608,BTS
609,Trazendo a Arca
610,Mr.Children
611,BaianaSystem
612,Stam1na
613,Blake Rules;Netherfriends
614,The Prophet
615,Norah Jones
616,Greensky Bluegrass
617,Los Prisioneros
618,Rata Blanca
619,Rata Blanca
620,Criolo
621,Jack Harlow
622,Stevie Wonder
623,Scooter
624,Lorne Balfe
625,Feid
626,Justnormal
627,Nirvana
628,Hermetica
629,Mickie Krause
630,Eason Chan
631,Håkan Hellström
632,my little airport
633,Boris Brejcha
634,The Prophet
635,Jorge Aragão
636,Napalm Death
637,Keyakizaka46
638,Glee Cast
639,ONE OK ROCK
640,Bryan Adams
641,Burna Boy
642,Lamb of God
643,Ella Fitzgerald
644,Nirvana
645,CoComelon
646,Nat King Cole
647,Gojira
648,Alphaxone
649,Billie Eilish
650,Scooter
651,my little airport
652,Nogizaka46
653,Shiritsu Ebisu Chugaku
654,Germaine Franco
655,Scooter
656,Norah Jones
657,Stevie Wonder
658,salem ilese
659,The Beatles
660,BOØWY
661,Anupam Roy
662,Armin van Buuren
663,Eikichi Yazawa
664,Almafuerte
665,Cigarettes After Sex
666,Marilyn Manson
667,The Beach Boys
668,Trazendo a Arca
669,Charlie Brown Jr.
670,Daddy Yankee;Bad Bunny
671,Red Hot Chili Peppers
672,Stevie Wonder
673,Norah Jones
674,Bryan Adams
675,The Prophet
676,Ella Fitzgerald
677,Håkan Hellström
678,The Beach Boys
679,Yiruma
680,BTS
681,Eason Chan
682,Eason Chan
683,Paul Johnson
684,The Beatles
685,Dan Gibson's Solitudes
686,CoComelon
687,Norah Jones
688,Hank Williams;Drifting Cowboys
689,Cigarettes After Sex
690,Don Omar
691,George Jones
692,Wolfgang Amadeus Mozart;Danielle Laval
693,Cigarettes After Sex
694,Arctic Monkeys
695,The Neighbourhood
696,Kidz Bop Kids
697,Jhayco;Bad Bunny
698,Glee Cast
699,Don Omar
700,Ella Fitzgerald
701,Jorge Drexler
702,Anupam Roy
703,Glee Cast
704,Don Omar
705,Prateek Kuhad
706,Stevie Wonder
707,Tom Petty and the Heartbreakers
708,Rammstein
709,Ellie Goulding
710,BaianaSystem
711,Jim Brickman
712,Elvis Presley
713,Elvis Presley
714,Carlos Gardel
715,BTS
716,The Beatles
717,Boris Brejcha
718,CoComelon
719,Jay Chou
720,Legião Urbana
721,Glee Cast
722,Billie Eilish
723,Ella Fitzgerald
724,Koo Koo Kanga Roo
725,Rata Blanca
726,Shinedown
727,Jim Brickman
728,Criolo
729,Randy Newman
730,BTS
731,Dean Martin
732,Bruno Mars;Anderson .Paak;Silk Sonic
733,Linkin Park
734,Charlie Brown Jr.
735,Vybz Kartel
736,The Prodigy
737,Burna Boy
738,Prateek Kuhad
739,Carlos Gardel
740,my little airport
741,The Jackson 5
742,Brenda Lee
743,Norah Jones
744,CoComelon
745,XXXTENTACION
746,The Beatles
747,Håkan Hellström
748,Almafuerte
749,Scooter
750,The Beatles
751,The Chemical Brothers
752,Alphaxone
753,Carajo
754,Prateek Kuhad
755,Burna Boy
756,Napalm Death
757,Ghost
758,Burna Boy
759,OneRepublic
760,Germaine Franco
761,Nightwish
762,Glee Cast
763,The Beatles
764,The Prodigy
765,Glee Cast
766,Chris Tomlin
767,J Balvin
768,George Jones
769,Don Omar
770,Kato
771,blink-182
772,George Jones
773,George Jones
774,Tiësto;Charli XCX
775,Gojira
776,Dan Gibson's Solitudes
777,Norah Jones
778,Charlie Brown Jr.
779,BTS
780,Bryan Adams
781,Alphaxone
782,George Jones
783,The Chemical Brothers
784,Jorge Drexler
785,Linkin Park
786,Lamb of God
787,Ella Fitzgerald
788,Kid Abelha
789,BTS
790,Arctic Monkeys
791,BTS
792,Germaine Franco
793,Dan Gibson's Solitudes
794,Los Prisioneros
795,Wolfgang Amadeus Mozart;Danielle Laval
796,BTS
797,George Jones
798,Jamie Cullum
799,Ellie Goulding
800,Bring Me The Horizon
801,Håkan Hellström
802,Official HIGE DANdism
803,Kevin Roldan
804,Norah Jones
805,Chris Tomlin
806,Jorge Drexler
807,Arctic Monkeys
808,Charlie Brown Jr.
809,CoComelon
810,Glee Cast
811,Prateek Kuhad
812,Vybz Kartel
813,Jason Mraz
814,Ellie Goulding
815,O Rappa
816,J Balvin
817,Germaine Franco
818,The Prophet
819,Håkan Hellström
820,Germaine Franco
821,Jim Brickman
822,Jorge Drexler
823,BTS
824,Håkan Hellström
825,Kevin Roldan
826,BTS
827,Ella Fitzgerald
828,The Rolling Stones
829,Daddy Yankee;Bad Bunny
830,Glee Cast
831,Anupam Roy
832,Carlos Gardel
833,Alphaxone
834,Scooter
835,Wisin & Yandel
836,George Jones
837,Glee Cast
838,Håkan Hellström
839,Dan Gibson's Solitudes
840,Daddy Yankee
841,BTS
842,Wolfgang Amadeus Mozart;Danielle Laval
843,BTS
844,Inner City
845,my little airport
846,Arctic Monkeys
847,George Jones
848,Seiko Matsuda
849,Napalm Death
850,Hank Williams
851,Nogizaka46
852,Bryan Adams
853,Calcinha Preta
854,Shiritsu Ebisu Chugaku
855,Vybz Kartel
856,Scooter
857,Charlie Brown Jr.
858,Little Symphony
859,Charlie Brown Jr.
860,Scooter
861,Shinedown
862,Chuck Berry
863,Jim Brickman
864,Ritviz
865,Glee Cast
866,The Beatles
867,The Prophet
868,The Beatles
869,Jack Harlow
870,Jay Chou
871,The Supremes
872,Shiritsu Ebisu Chugaku
873,Eason Chan
874,BOØWY
875,Vybz Kartel
876,Official HIGE DANdism
877,Oleg Pogudin
878,Ella Fitzgerald
879,Tiësto;Charli XCX
880,Prateek Kuhad
881,Jack Harlow
882,Criolo
883,George Jones
884,Vybz Kartel
885,The Jackson 5
886,Marilyn Manson
887,The Jackson 5
888,George Jones
889,Carajo
890,Matt Large
891,Rob Zombie
892,Adele
893,Hermetica
894,KAROL G
895,The Prophet
896,Robert Hood
897,Marilyn Manson
898,Hank Williams;Drifting Cowboys
899,my little airport
900,my little airport
901,Vybz Kartel
902,Glee Cast
903,Yiruma
904,my little airport
905,Chris Tomlin
906,Prateek Kuhad
907,Jason Mraz
908,Stevie Wonder
909,Eason Chan
910,Ella Fitzgerald
911,Mini Pop Kids
912,BTS
913,Anupam Roy
914,Red Hot Chili Peppers
915,Kato
916,Charlie Brown Jr.
917,Germaine Franco
918,Tiësto;Charli XCX
919,Charlie Brown Jr.
920,Charlie Brown Jr.
921,Jhayco;Bad Bunny
922,Wisin & Yandel
923,Anupam Roy
924,Eason Chan
925,Hillsong Worship
926,Blake Rules;Netherfriends
927,Norah Jones
928,Don Omar
929,Cigarettes After Sex
930,Charlie Brown Jr.
931,Armin van Buuren
932,Håkan Hellström
933,Glee Cast
934,Rammstein
935,Nat King Cole
936,Jhayco;Anuel AA
937,Tiësto;Charli XCX
938,J Balvin
939,CoComelon
940,Ritviz
941,Hank Williams
942,Prateek Kuhad
943,Elvis Presley
944,Pink Floyd
945,Don Omar
946,Don Omar
947,John Mayer
948,George Jones
949,Red Hot Chili Peppers
950,Nirvana
951,BTS
952,Gerson Rufino
953,Glee Cast
954,Criolo
955,Feid
956,J Balvin;Bad Bunny
957,Glee Cast
958,Criolo
959,Nikolay Kopylov
960,BTS
961,Anupam Roy
962,Lamb of God
963,Os Barões Da Pisadinha
964,Daddy Yankee
965,Nogizaka46
966,CoComelon
967,Ella Fitzgerald
968,Burna Boy
969,Nickelback
970,Kathleen Madigan
971,my little airport
972,Mr.Children
973,Kidz Bop Kids
974,CoComelon
975,Mini Pop Kids
976,BaianaSystem
977,Ella Fitzgerald
978,Kidz Bop Kids
979,Linkin Park
980,Os Barões Da Pisadinha
981,salem ilese
982,Norah Jones
983,J Balvin
984,Pink Floyd
985,Kevin Roldan
986,ONE OK ROCK
987,Criolo
988,Criolo
989,Vybz Kartel
990,my little airport
991,BTS
992,Criolo
993,Daddy Yankee;Bad Bunny
994,The Beatles
995,Glee Cast
996,Yiruma
997,Glee Cast
998,Patricio Rey y sus Redonditos de Ricota
999,Boris Brejcha
1000,The Prophet
1001,Nikolay Kopylov
1002,Almafuerte
1003,BTS
1004,KAROL G
1005,BTS
1006,Glee Cast
1007,OneRepublic
1008,Justin Bieber
1009,Omar S
1010,Carajo
1011,OneRepublic
1012,salem ilese
1013,CoComelon
1014,Criolo
1015,Criolo
1016,my little airport
1017,Asspera
1018,The Beatles
1019,The Supremes
1020,The Beach Boys
1021,George Jones
1022,Koo Koo Kanga Roo
1023,Anupam Roy
1024,Jim Brickman
1025,KAROL G
1026,Legião Urbana
1027,salem ilese
1028,Elvis Presley
1029,George Jones
1030,Eason Chan
1031,Arctic Monkeys
1032,Alphaxone
1033,Jason Mraz
1034,blink-182
1035,my little airport
1036,Red Hot Chili Peppers
1037,Almafuerte
1038,BaianaSystem
1039,Lorne Balfe
1040,OneRepublic
1041,Gojira
1042,Alan Menken
1043,Anupam Roy
1044,The Beach Boys
1045,Stevie Wonder
1046,Los Prisioneros
1047,Brenda Lee
1048,Peggy Lee
1049,George Jones
1050,George Jones
1051,The Beach Boys
1052,Maneva
1053,Robert Schumann;Pavel Nersessian
1054,O Rappa
1055,Chris Tomlin
1056,Randy Newman
1057,Criolo
1058,Chris Tomlin
1059,Red Hot Chili Peppers
1060,blink-182
1061,J Balvin;Bad Bunny
1062,Glee Cast
1063,Charlie Brown Jr.
1064,Charlie Brown Jr.
1065,Lamb of God
1066,Nogizaka46
1067,Nogizaka46
1068,Hank Williams;Drifting Cowboys
1069,Eason Chan
1070,Gojira
1071,Burna Boy
1072,Linkin Park
1073,Jorge Drexler
1074,Jamie Cullum
1075,Charlie Brown Jr.
1076,Glee Cast
1077,CoComelon
1078,George Jones
1079,Rammstein
1080,Håkan Hellström
1081,Robert Hood
1082,Criolo
1083,Ella Fitzgerald
1084,Nat King Cole
1085,Arctic Monkeys
1086,BTS
1087,Weezer
1088,Eason Chan
1089,The Supremes
1090,Rammstein
1091,Boris Brejcha
1092,BTS
1093,J Balvin
1094,Elvis Presley
1095,Daddy Yankee
1096,CoComelon
1097,Charlie Brown Jr.
1098,The Beach Boys
1099,Glee Cast
1100,Almafuerte
1101,Los Prisioneros
1102,Prateek Kuhad
1103,Charlie Brown Jr.
1104,Napalm Death
1105,Chuck Berry
1106,BTS
1107,Arctic Monkeys
1108,Vybz Kartel
1109,Lamb of God
1110,George Jones
1111,Arctic Monkeys
1112,Daddy Yankee
1113,Ritviz
1114,XXXTENTACION
1115,BOØWY
1116,Official HIGE DANdism
1117,Håkan Hellström
1118,Linkin Park
1119,Jim Brickman
1120,Glee Cast
1121,my little airport
1122,OneRepublic
1123,CoComelon
1124,CoComelon
1125,Bruno Mars;Anderson .Paak;Silk Sonic
1126,Feid
1127,Germaine Franco
1128,Charly García
1129,George Jones
1130,Hank Williams;Drifting Cowboys
1131,Glee Cast
1132,my little airport
1133,Adele
1134,Gojira
1135,Red Hot Chili Peppers
1136,Official HIGE DANdism
1137,Germaine Franco
1138,Vybz Kartel
1139,Chris Tomlin
1140,Hank Williams;Drifting Cowboys
1141,Carlos Gardel
1142,Wolfgang Amadeus Mozart;Danielle Laval
1143,Soda Stereo
1144,Robert Schumann;Pavel Nersessian
1145,Elvis Presley
1146,Little Symphony
1147,Prateek Kuhad
1148,Glee Cast
1149,Patricio Rey y sus Redonditos de Ricota
1150,Stevie Wonder
1151,Ella Fitzgerald
1152,Little Symphony
1153,Glee Cast
1154,Alphaxone
1155,Ghost
1156,Eason Chan
1157,Glee Cast
1158,Lorne Balfe
1159,Pink Sweat$
1160,BTS
1161,Robert Hood
1162,Norah Jones
1163,The Jackson 5
1164,Nickelback
1165,Feid
1166,Royal Blood
1167,The Prophet
1168,BTS
1169,Dan Gibson's Solitudes
1170,Mr.Children
1171,Scorpions
1172,Arctic Monkeys
1173,Ella Fitzgerald
1174,Robin Schulz;David Guetta
1175,Red Hot Chili Peppers
1176,Linkin Park
1177,Cooltime Kids
1178,Kidz Bop Kids
1179,my little airport
1180,my little airport
1181,Bring Me The Horizon
1182,Yiruma
1183,Los Prisioneros
1184,Scooter
1185,Glee Cast
1186,Eason Chan
1187,The Beatles
1188,Daddy Yankee
1189,Boris Brejcha
1190,Vadim Kozin
1191,Jhayco
1192,Eason Chan
1193,Alphaxone
1194,Charlie Brown Jr.
1195,Legião Urbana
1196,The Beach Boys
1197,Håkan Hellström
1198,Charlie Brown Jr.
1199,Bryan Adams
1200,Daddy Yankee
1201,Ella Fitzgerald
1202,Asspera
1203,Nirvana
1204,OneRepublic
1205,Almafuerte
1206,Wolfgang Amadeus Mozart;Danielle Laval
1207,Feid
1208,Red Hot Chili Peppers
1209,Stevie Wonder
1210,Scooter
1211,George Jones
1212,Eason Chan
1213,Feid
1214,Peggy Lee
1215,Hank Williams
1216,J Balvin;Bad Bunny
1217,Lorne Balfe
1218,Alphaxone
1219,Arctic Monkeys
1220,The Beach Boys
1221,Stevie Wonder
1222,Shiritsu Ebisu Chugaku
1223,Jay Chou
1224,Eason Chan
1225,J Balvin
1226,Lorne Balfe
1227,BTS
1228,blink-182
1229,Los Prisioneros
1230,The Beatles
1231,Blake Rules;Netherfriends
1232,Carlos Gardel
1233,Billie Eilish
1234,Lorne Balfe
1235,Stevie Wonder
1236,J Balvin
1237,Chuck Berry
1238,Yiruma
1239,Blake Rules;Netherfriends
1240,The Jackson 5
1241,George Jones
1242,Jorge Drexler
1243,Elvis Presley
1244,Eikichi Yazawa
1245,Elvis Presley
1246,The Jackson 5
1247,The Rolling Stones
1248,Nogizaka46
1249,CoComelon
1250,OneRepublic
1251,Gojira
1252,Bruno Mars;Anderson .Paak;Silk Sonic
1253,Rata Blanca
1254,O Rappa
1255,Eason Chan
1256,Vybz Kartel
1257,Keyakizaka46
1258,Pink Floyd
1259,my little airport
1260,Dan Gibson's Solitudes
1261,Almafuerte
1262,The Beatles
1263,Robert Hood
1264,Robert Schumann;Pavel Nersessian
1265,Ritviz
1266,Burna Boy
1267,BaianaSystem
1268,Eikichi Yazawa
1269,Feid
1270,Nirvana
1271,Ella Fitzgerald
1272,Glee Cast
1273,Robert Hood
1274,Chronic Law
1275,BOØWY
1276,Stevie Wonder
1277,Criolo
1278,Wolfgang Amadeus Mozart;Danielle Laval
1279,Jhayco
1280,BaianaSystem
1281,Gojira
1282,The Prodigy
1283,Inner City
1284,Carlos Gardel
1285,The Chemical Brothers
1286,Feid
1287,Seiko Matsuda
1288,Almafuerte
1289,Prateek Kuhad
1290,George Jones
1291,Norah Jones
1292,Scooter
1293,Ella Fitzgerald
1294,Nat King Cole
1295,The Beatles
1296,Shinedown
1297,Norah Jones
1298,Dean Martin
1299,J Balvin
1300,Henrique & Juliano
1301,Hank Williams
1302,salem ilese
1303,Wolfgang Amadeus Mozart;Danielle Laval
1304,Royal Blood
1305,Keyakizaka46
1306,Glee Cast
1307,Die Toten Hosen
1308,Anupam Roy
1309,CoComelon
1310,George Jones
1311,Scorpions
1312,Feid
1313,Hillsong Worship
1314,Patricio Rey y sus Redonditos de Ricota
1315,Ellie Goulding
1316,Paul Johnson
1317,Jorge Drexler
1318,Feid
1319,George Jones
1320,Jhayco;Anuel AA
1321,Asspera
1322,Håkan Hellström
1323,my little airport
1324,Soda Stereo
1325,Linkin Park
1326,Chuck Berry
1327,Exaltasamba
1328,Lorne Balfe
1329,ONE OK ROCK
1330,Rammstein
1331,Håkan Hellström
1332,BTS
1333,Timothy Infinite
1334,Marilyn Manson
1335,The Platters
1336,Glee Cast
1337,Criolo
1338,Hillsong Worship
1339,Hank Williams
1340,my little airport
1341,Jamie Cullum
1342,The Beatles
1343,Lorne Balfe
1344,Legião Urbana
1345,Ella Fitzgerald
1346,OneRepublic
1347,George Jones
1348,Momoiro Clover Z
1349,Hillsong Worship
1350,Bruno Mars;Anderson .Paak;Silk Sonic
1351,Norah Jones
1352,Trazendo a Arca
1353,Arctic Monkeys
1354,BTS
1355,Carajo
1356,George Jones
1357,Criolo
1358,CoComelon
1359,Don Omar
1360,Ghost
1361,my little airport
1362,Soda Stereo
1363,Ella Fitzgerald
1364,Burna Boy
1365,Kevin Roldan
1366,Feid
1367,Ella Fitzgerald
1368,Carlos Gardel
1369,BaianaSystem
1370,Glee Cast
1371,BOØWY
1372,KAROL G
1373,George Jones
1374,Feid
1375,BTS
1376,Scooter
1377,BOØWY
1378,Royal Blood
1379,Hillsong Worship
1380,Linkin Park
1381,BaianaSystem
1382,BTS
1383,Robin Schulz;David Guetta
1384,The Supremes
1385,Criolo
1386,Cigarettes After Sex
1387,Carlos Gardel
1388,Hank Williams;Drifting Cowboys
1389,The Beatles
1390,George Jones
1391,Norah Jones
1392,BTS
1393,Pink Sweat$
1394,Ella Fitzgerald
1395,Linkin Park
1396,BOØWY
1397,The Beatles
1398,Linkin Park
1399,Håkan Hellström
1400,Bryan Adams
1401,Greensky Bluegrass
1402,Håkan Hellström
1403,Wisin & Yandel
1404,Weezer
1405,my little airport
1406,Rammstein
1407,BTS
1408,Linkin Park
1409,Rob Zombie
1410,George Jones
1411,my little airport
1412,Brenda Lee
1413,my little airport
1414,Jorge Drexler
1415,Prateek Kuhad
1416,Wolfgang Amadeus Mozart;Danielle Laval
1417,Eason Chan
1418,Mickie Krause
1419,Mickie Krause
1420,Calcinha Preta
1421,Nirvana
1422,Ritviz
1423,Charlie Brown Jr.
1424,O Rappa
1425,Red Hot Chili Peppers
1426,Cooltime Kids
1427,Jorge Drexler
1428,Ghost
1429,Die Toten Hosen
1430,Scooter
1431,BTS
1432,Chuck Berry
1433,Red Hot Chili Peppers
1434,Stam1na
1435,my little airport
1436,George Jones
1437,Los Prisioneros
1438,Ella Fitzgerald
1439,XXXTENTACION
1440,The Jackson 5
1441,Wisin & Yandel
1442,Paul Johnson
1443,Alphaxone
1444,The Beach Boys
1445,Eikichi Yazawa
1446,O Rappa
1447,Scooter
1448,The Beatles
1449,Matt Large
1450,Burna Boy
1451,The Chemical Brothers
1452,BTS
1453,The Beatles
1454,blink-182
1455,Criolo
1456,Feid
1457,Omar S
1458,Bryan Adams
1459,Chuck Berry
1460,The Platters
1461,OneRepublic
1462,Ella Fitzgerald
1463,Rob Zombie
1464,Glee Cast
1465,Bring Me The Horizon
1466,my little airport
1467,Rob Zombie
1468,PXNDX
1469,Kidz Bop Kids
1470,Don Omar
1471,The Beatles
1472,Scooter
1473,Rammstein
1474,Scorpions
1475,Norah Jones
1476,Little Symphony
1477,OneRepublic
1478,Robin Schulz;David Guetta
1479,Eason Chan
1480,Chuck Berry
1481,Burna Boy
1482,Glee Cast
1483,Red Hot Chili Peppers
1484,Jim Brickman
1485,Ella Fitzgerald
1486,Prateek Kuhad
1487,Jim Brickman
1488,Anupam Roy
1489,Glee Cast
1490,Criolo
1491,The Chemical Brothers
1492,Linkin Park
1493,Wolfgang Amadeus Mozart;Danielle Laval
1494,Hank Williams
1495,Norah Jones
1496,Pink Floyd
1497,Feid
1498,Linkin Park
1499,The Prophet
1500,BTS
1501,Brenda Lee
1502,Billie Eilish
1503,Cooltime Kids
1504,Glee Cast
1505,Nirvana
1506,Brenda Lee
1507,The Beatles
1508,Don Omar
1509,Ghost
1510,The Prophet
1511,Red Hot Chili Peppers
1512,Norah Jones
1513,J Balvin;Maria Becerra
1514,The Neighbourhood
1515,The Chemical Brothers
1516,Dora The Explorer
1517,The Prophet
1518,J Balvin
1519,RADWIMPS
1520,Napalm Death
1521,Stevie Wonder
1522,Yiruma
1523,Rammstein
1524,my little airport
1525,George Jones
1526,Trazendo a Arca
1527,George Jones
1528,Eason Chan
1529,Feid
1530,Linkin Park
1531,Scooter
1532,Eason Chan
1533,Don Omar
1534,Shiritsu Ebisu Chugaku
1535,Charlie Brown Jr.
1536,Charlie Brown Jr.
1537,Elvis Presley
1538,Mr.Children
1539,Charlie Brown Jr.
1540,Kathleen Madigan
1541,Prateek Kuhad
1542,Patricio Rey y sus Redonditos de Ricota
1543,Greensky Bluegrass
1544,Jhayco
1545,Glee Cast
1546,Little Symphony
1547,CoComelon
1548,Lorne Balfe
1549,The Prodigy
1550,Nogizaka46
1551,Jorge Drexler
1552,The Beatles
1553,George Jones
1554,Tiësto;Charli XCX
1555,Lamb of God
1556,BaianaSystem
1557,Elvis Presley
1558,Norah Jones
1559,Jamie Cullum
1560,J Balvin;Maria Becerra
1561,Elvis Presley
1562,Stam1na
1563,Don Omar
1564,my little airport
1565,Alphaxone
1566,Gojira
1567,Bryan Adams
1568,my little airport
1569,Legião Urbana
1570,Marilyn Manson
1571,Timothy Infinite
1572,Maneva
1573,my little airport
1574,Dean Martin
1575,Lamb of God
1576,Vybz Kartel
1577,Kato
1578,Burna Boy
1579,The Platters
1580,Jimmy Eat World
1581,Germaine Franco
1582,Jorge Drexler
1583,Anupam Roy
1584,Nightwish
1585,Vybz Kartel
1586,Glee Cast
1587,Yiruma
1588,Stevie Wonder
1589,The Platters
1590,BTS
1591,Nirvana
1592,Norah Jones
1593,The Neighbourhood
1594,The Chemical Brothers
1595,Germaine Franco
1596,my little airport
1597,Red Hot Chili Peppers
1598,Lamb of God
1599,Anupam Roy
1600,ONE OK ROCK
1601,Scooter
1602,Napalm Death
1603,PXNDX
1604,Jorge Aragão
1605,Cooltime Kids
1606,Bryan Adams
1607,Stevie Wonder
1608,J Balvin
1609,Elvis Presley
1610,Håkan Hellström
1611,Billy Joel
1612,Ella Fitzgerald
1613,Stevie Wonder
1614,Vybz Kartel
1615,Dean Martin
1616,Nat King Cole
1617,BTS
1618,Jhayco;Anuel AA
1619,Chris Tomlin
1620,Dan Gibson's Solitudes
1621,Vadim Kozin
1622,Omar S
1623,The Beatles
1624,Don Omar
1625,Kid Abelha
1626,RADWIMPS
1627,Jay Chou
1628,Boris Brejcha
1629,J Balvin
1630,Glee Cast
1631,Paul Johnson
1632,Keyakizaka46
1633,Paul Johnson
1634,Glee Cast
1635,Brenda Lee
1636,Mickie Krause
1637,George Jones
1638,XXXTENTACION
1639,Daddy Yankee;Bad Bunny
1640,The Neighbourhood
1641,Jhayco;Bad Bunny
1642,Arijit Singh
1643,Kato
1644,My Chemical Romance
1645,Stevie Wonder
1646,Feid
1647,Yiruma
1648,Stevie Wonder
1649,Red Hot Chili Peppers
1650,Adele
1651,Biquini Cavadão
1652,Håkan Hellström
1653,Weezer
1654,Matt Large
1655,Jack Harlow
1656,Ella Fitzgerald
1657,Glee Cast
1658,Chuck Berry
1659,Don Omar
1660,Prateek Kuhad
1661,Glee Cast
1662,John Mayer
1663,ONE OK ROCK
1664,Daddy Yankee;Bad Bunny
1665,Boris Brejcha
1666,Eason Chan
1667,Jorge Drexler
1668,Rammstein
1669,Håkan Hellström
1670,Blake Rules;Netherfriends
1671,Glee Cast
1672,Robin Schulz;David Guetta
1673,Ellie Goulding
1674,Rob Zombie
1675,Royal Blood
1676,Robert Hood
1677,PXNDX
1678,Carlos Gardel
1679,Yiruma
1680,Mr.Children
1681,Nirvana
1682,Chris Tomlin
1683,Pink Sweat$
1684,Scooter
1685,Linkin Park
1686,Glee Cast
1687,Rammstein
1688,Wisin & Yandel
1689,Dora The Explorer
1690,my little airport
1691,Robin Schulz;David Guetta
1692,Bryan Adams
1693,Los Prisioneros
1694,BTS
1695,Ghost
1696,Norah Jones
1697,BOØWY
1698,Prateek Kuhad
1699,OneRepublic
1700,Los Prisioneros
1701,Wisin & Yandel
1702,Soda Stereo
1703,Prateek Kuhad
1704,Hillsong Worship
1705,CoComelon
1706,Jorge Drexler
1707,George Jones
1708,Ella Fitzgerald
1709,Pink Floyd
1710,Jorge Drexler
1711,Norah Jones
1712,Norah Jones
1713,Cigarettes After Sex
1714,Cigarettes After Sex
1715,Rammstein
1716,Stevie Wonder
1717,Los Prisioneros
1718,Little Symphony
1719,Robin Schulz;David Guetta
1720,Los Prisioneros
1721,Inner City
1722,Arctic Monkeys
1723,Scooter
1724,blink-182
1725,Bryan Adams
1726,Chris Tomlin
1727,Linkin Park
1728,Anupam Roy
1729,OneRepublic
1730,Tiësto;Charli XCX
1731,Håkan Hellström
1732,Inner City
1733,The Chemical Brothers
1734,Greensky Bluegrass
1735,George Jones
1736,Paul Johnson
1737,Tim Maia
1738,PXNDX
1739,Eason Chan
1740,Ritviz
1741,Hillsong Worship
1742,Scooter
1743,Glee Cast
1744,Charlie Brown Jr.
1745,Glee Cast
1746,BaianaSystem
1747,CoComelon
1748,BTS
1749,Stevie Wonder
1750,Greensky Bluegrass
1751,Almafuerte
1752,Adele
1753,The Beach Boys
1754,Los Prisioneros
1755,Marilyn Manson
1756,Charlie Brown Jr.
1757,BaianaSystem
1758,Bryan Adams
1759,Håkan Hellström
1760,The Prophet
1761,Ella Fitzgerald
1762,Linkin Park
1763,Glee Cast
1764,Linkin Park
1765,BTS
1766,Vybz Kartel
1767,Anupam Roy
1768,my little airport
1769,Hank Williams;Drifting Cowboys
1770,Los Prisioneros
1771,George Jones
1772,Stevie Wonder
1773,Kato
1774,Vybz Kartel
1775,Eason Chan
1776,Cigarettes After Sex
1777,Pink Floyd
1778,CoComelon
1779,Elvis Presley
1780,Mr.Children
1781,Kevin Roldan
1782,The Supremes
1783,Matanza
1784,Pink Floyd
1785,Jack Harlow
1786,Patricio Rey y sus Redonditos de Ricota
1787,Kathleen Madigan
1788,Glee Cast
1789,Kato
1790,Daddy Yankee
1791,Elvis Presley
1792,The Prodigy
1793,my little airport
1794,BTS
1795,George Jones
1796,Håkan Hellström
1797,Almafuerte
1798,Norah Jones
1799,Jhayco;Anuel AA
1800,Scooter
1801,my little airport
1802,Germaine Franco
1803,Lamb of God
1804,Charlie Brown Jr.
1805,Brenda Lee
1806,CoComelon
1807,Royal Blood
1808,Glee Cast
1809,Gerson Rufino
1810,Mr.Children
1811,Paul Johnson
1812,Lorne Balfe
1813,Glee Cast
1814,Elvis Presley
1815,J Balvin
1816,Feid
1817,Criolo
1818,Anupam Roy
1819,Jay Chou
1820,Bryan Adams
1821,Tom Petty and the Heartbreakers
1822,Anupam Roy
1823,Ellie Goulding
1824,Scooter
1825,Carlos Gardel
1826,Ella Fitzgerald
1827,Daddy Yankee
1828,BTS
1829,Carlos Gardel
1830,The Beach Boys
1831,Yiruma
1832,Robin Schulz;David Guetta
1833,Anupam Roy
1834,The Neighbourhood
1835,my little airport
1836,Norah Jones
1837,Carajo
1838,Vybz Kartel
1839,The Rolling Stones
1840,Robin Schulz;David Guetta
1841,Glee Cast
1842,Don Omar
1843,Justin Bieber
1844,Zeca Pagodinho
1845,Lamb of God
1846,Die Toten Hosen
1847,George Jones
1848,The Neighbourhood
1849,Scooter
1850,Shinedown
1851,Bryan Adams
1852,Ritviz
1853,Hermetica
1854,Stevie Wonder
1855,The Prophet
1856,BTS
1857,Dean Martin
1858,The Beach Boys
1859,Shiritsu Ebisu Chugaku
1860,Kidz Bop Kids
1861,J Balvin;Maria Becerra
1862,Arctic Monkeys
1863,Pink Sweat$
1864,Linkin Park
1865,Kato
1866,Jim Brickman
1867,The Beatles
1868,Anupam Roy
1869,Arctic Monkeys
1870,Ghost
1871,Almafuerte
1872,OneRepublic
1873,Little Symphony
1874,BOØWY
1875,Napalm Death
1876,Kidz Bop Kids
1877,PXNDX
1878,Gojira
1879,Anupam Roy
1880,Asspera
1881,Dan Gibson's Solitudes
1882,Boris Brejcha
1883,Bryan Adams
1884,Daddy Yankee;Bad Bunny
1885,Lamb of God
1886,J Balvin;Bad Bunny
1887,Prateek Kuhad
1888,Glee Cast
1889,Charlie Brown Jr.
1890,J Balvin
1891,Tiësto;Charli XCX
1892,Chuck Berry
1893,Stevie Wonder
1894,Dan Gibson's Solitudes
1895,Linkin Park
1896,Ella Fitzgerald
1897,Chuck Berry
1898,Gojira
1899,Glee Cast
1900,Glee Cast
1901,BTS
1902,Eason Chan
1903,Bryan Adams
1904,Billy Joel
1905,Hank Williams;Drifting Cowboys
1906,Kemuel
1907,Nightwish
1908,BaianaSystem
1909,Feid
1910,BTS
1911,Arctic Monkeys
1912,Kidz Bop Kids
1913,Napalm Death
1914,Hank Williams;Drifting Cowboys
1915,BTS
1916,George Jones
1917,Ella Fitzgerald
1918,Jamie Cullum
1919,Eason Chan
1920,J Balvin;Maria Becerra
1921,The Rolling Stones
1922,Arctic Monkeys
1923,Charlie Brown Jr.
1924,ABBA
1925,Lorne Balfe
1926,Stevie Wonder
1927,Gojira
1928,Napalm Death
1929,RADWIMPS
1930,Royal Blood
1931,My Chemical Romance
1932,blink-182
1933,Prateek Kuhad
1934,Red Hot Chili Peppers
1935,my little airport
1936,Robert Schumann;Pavel Nersessian
1937,J Balvin
1938,The Beatles
1939,Hermetica
1940,Nirvana
1941,Norah Jones
1942,Billie Eilish
1943,CoComelon
1944,BOØWY
1945,Los Prisioneros
1946,Hank Williams;Drifting Cowboys
1947,The Beatles
1948,Jamie Cullum
1949,Keyakizaka46
1950,Arctic Monkeys
1951,Jamie Cullum
1952,Chris Tomlin
1953,Little Symphony
1954,Kathleen Madigan
1955,Shiritsu Ebisu Chugaku
1956,Patricio Rey y sus Redonditos de Ricota
1957,J Balvin;Bad Bunny
1958,Gojira
1959,Norah Jones
1960,John Mayer
1961,Norah Jones
1962,Drexciya
1963,Tiësto;Charli XCX
1964,Germaine Franco
1965,Jhayco;Bad Bunny
1966,Robert Hood
1967,Håkan Hellström
1968,Scooter
1969,Yiruma
1970,Dean Martin
1971,Jay Chou
1972,Daddy Yankee
1973,Vybz Kartel
1974,Calcinha Preta
1975,Burna Boy
1976,Anupam Roy
1977,Ella Fitzgerald
1978,Pink Sweat$
1979,Kato
1980,The Prodigy
1981,Jorge Drexler
1982,Kathleen Madigan
1983,Omar S
1984,Bryan Adams
1985,Kemuel
1986,Jamie Cullum
1987,Cigarettes After Sex
1988,Little Symphony
1989,Linkin Park
1990,my little airport
1991,CoComelon
1992,George Jones
1993,Kevin Roldan
1994,Bryan Adams
1995,Arctic Monkeys
1996,PXNDX
1997,Don Omar
1998,Norah Jones
1999,Official HIGE DANdism
2000,Daddy Yankee;Bad Bunny
2001,Jhayco;Anuel AA
2002,Brenda Lee
2003,Chuck Berry
2004,Ella Fitzgerald
2005,Nogizaka46
2006,J Balvin;Maria Becerra
2007,Almafuerte
2008,Scooter
2009,Almafuerte
2010,Justnormal
2011,my little airport
2012,Hank Williams
2013,Glee Cast
2014,Jack Harlow
2015,Stevie Wonder
2016,Napalm Death
2017,Marilyn Manson
2018,Almafuerte
2019,Ellie Goulding
2020,Ella Fitzgerald
2021,Jhayco;Bad Bunny
2022,PXNDX
2023,Almafuerte
2024,Royal Blood
2025,Almafuerte
2026,Mickie Krause
2027,J Balvin
2028,Nightwish
2029,Bryan Adams
2030,The Jackson 5
2031,Los Prisioneros
2032,Anupam Roy
2033,"Sarah, the Illstrumentalist"
2034,The Neighbourhood
2035,Jhayco;Anuel AA
2036,Chuck Berry
2037,Hank Williams;Drifting Cowboys
2038,Kathleen Madigan
2039,Weezer
2040,Criolo
2041,Germaine Franco
2042,Henrique & Juliano
2043,Kevin Roldan
2044,Charlie Brown Jr.
2045,"Sarah, the Illstrumentalist"
2046,Eikichi Yazawa
2047,Daddy Yankee
2048,Jack Harlow
2049,Paul Johnson
2050,Jhayco;Bad Bunny
2051,Stevie Wonder
2052,J Balvin;Bad Bunny
2053,Glee Cast
2054,Arctic Monkeys
2055,Nirvana
2056,Napalm Death
2057,Pink Sweat$
2058,Red Hot Chili Peppers
2059,Justnormal
2060,Stevie Wonder
2061,Adele
2062,Jason Mraz
2063,Almafuerte
2064,Scooter
2065,Vybz Kartel
2066,The Beatles
2067,Jack Harlow
2068,Hank Williams
2069,Daddy Yankee
2070,Bring Me The Horizon
2071,Bryan Adams
2072,Greensky Bluegrass
2073,Calcinha Preta
2074,Stevie Wonder
2075,Arctic Monkeys
2076,KAROL G
2077,When Chai Met Toast
2078,Anupam Roy
2079,Elvis Presley
2080,Vybz Kartel
2081,Linkin Park
2082,Anupam Roy
2083,Prateek Kuhad
2084,Adele
2085,Bryan Adams
2086,blink-182
2087,Glee Cast
2088,my little airport
2089,The Prophet
2090,Håkan Hellström
2091,ONE OK ROCK
2092,Os Barões Da Pisadinha
2093,Eason Chan
2094,George Jones
2095,Cigarettes After Sex
2096,O Rappa
2097,Daddy Yankee
2098,Armin van Buuren
2099,Charlie Brown Jr.
2100,My Chemical Romance
2101,Matanza
2102,Carajo
2103,Chuck Berry
2104,Vybz Kartel
2105,Boris Brejcha
2106,Ritviz
2107,BTS
2108,Glee Cast
2109,The Prophet
2110,Anupam Roy
2111,Prateek Kuhad
2112,The Prodigy
2113,Linkin Park
2114,Jack Harlow
2115,Robert Schumann;Pavel Nersessian
2116,Billie Eilish
2117,Feid
2118,Linkin Park
2119,Pink Floyd
2120,Chris Tomlin
2121,Glee Cast
2122,Wolfgang Amadeus Mozart;Danielle Laval
2123,Nirvana
2124,The Platters
2125,Lorne Balfe
2126,Norah Jones
2127,Ella Fitzgerald
2128,Chuck Berry
2129,Seiko Matsuda
2130,Justin Bieber
2131,Hank Williams
2132,Chuck Berry
2133,George Jones
2134,The Beatles
2135,Kevin Roldan
2136,Anupam Roy
2137,BTS
2138,my little airport
2139,Vadim Kozin
2140,Arctic Monkeys
2141,Scooter
2142,Tom Petty and the Heartbreakers
2143,Gerson Rufino
2144,Robin Schulz;David Guetta
2145,Glee Cast
2146,BTS
2147,The Prophet
2148,Glee Cast
2149,Justin Bieber
2150,Mickie Krause
2151,blink-182
2152,Glee Cast
2153,XXXTENTACION
2154,Jay Chou
2155,Eikichi Yazawa
2156,my little airport
2157,Marilyn Manson
2158,Norah Jones
2159,"Sarah, the Illstrumentalist"
2160,Stevie Wonder
2161,Jimmy Eat World
2162,Red Hot Chili Peppers
2163,my little airport
2164,"Sarah, the Illstrumentalist"
2165,Stevie Wonder
2166,my little airport
2167,Vybz Kartel
2168,Ella Fitzgerald
2169,Linkin Park
2170,Keyakizaka46
2171,my little airport
2172,Keyakizaka46
2173,Kid Abelha
2174,Daddy Yankee
2175,Ghost
2176,Ghost
2177,Almafuerte
2178,Jason Mraz
2179,Almafuerte
2180,Weezer
2181,Hermetica
2182,Vybz Kartel
2183,CoComelon
2184,Scooter
2185,ABBA
2186,Ella Fitzgerald
2187,Feid
2188,Chronic Law
2189,Pink Sweat$
2190,Chuck Berry
2191,BTS
2192,Arctic Monkeys
2193,Marilyn Manson
2194,Daddy Yankee
2195,Håkan Hellström
2196,Germaine Franco
2197,Ghost
2198,Chuck Berry
2199,Carlos Gardel
2200,my little airport
2201,Kathleen Madigan
2202,The Beach Boys
2203,Don Omar
2204,Ella Fitzgerald
2205,The Beatles
2206,Jorge Drexler
2207,BTS
2208,Chuck Berry
2209,Red Hot Chili Peppers
2210,Hank Williams
2211,Ritviz
2212,Drexciya
2213,Daddy Yankee;Bad Bunny
2214,Charlie Brown Jr.
2215,Jorge Aragão
2216,Stevie Wonder
2217,Kato
2218,Matanza
2219,Os Barões Da Pisadinha
2220,Pink Sweat$
2221,Elvis Presley
2222,The Platters
2223,Ghost
2224,Ellie Goulding
2225,Soda Stereo
2226,Almafuerte
2227,Red Hot Chili Peppers
2228,Official HIGE DANdism
2229,Kidz Bop Kids
2230,my little airport
2231,Maneva
2232,Hank Williams;Drifting Cowboys
2233,The Rolling Stones
2234,The Supremes
2235,PXNDX
2236,The Prophet
2237,Feid
2238,Paul Johnson
2239,Linkin Park
2240,Paul Johnson
2241,The Beach Boys
2242,The Jackson 5
2243,Scooter
2244,BTS
2245,Feid
2246,Prateek Kuhad
2247,J Balvin
2248,Legião Urbana
2249,Håkan Hellström
2250,Paul Johnson
2251,Don Omar
2252,Los Prisioneros
2253,my little airport
2254,Cigarettes After Sex
2255,Jhayco
2256,Norah Jones
2257,Jorge Drexler
2258,BTS
2259,Ella Fitzgerald
2260,Ritviz
2261,Ritviz
2262,George Jones
2263,Germaine Franco
2264,Hank Williams;Drifting Cowboys
2265,The Platters
2266,Vybz Kartel
2267,Vybz Kartel
2268,Almafuerte
2269,Rob Zombie
2270,Chuck Berry
2271,Ella Fitzgerald
2272,ONE OK ROCK
2273,Little Symphony
2274,Jorge Drexler
2275,Jorge Drexler
2276,Feid
2277,salem ilese
2278,Eason Chan
2279,Mini Pop Kids
2280,CoComelon
2281,The Beach Boys
2282,Shinedown
2283,Linkin Park
2284,The Beach Boys
2285,Linkin Park
2286,OneRepublic
2287,Inner City
2288,Feid
2289,Inner City
2290,Dan Gibson's Solitudes
2291,Henrique & Juliano
2292,Legião Urbana
2293,Ray Price
2294,Carajo
2295,Arijit Singh
2296,Eason Chan
2297,OneRepublic
2298,Eason Chan
2299,Eason Chan
2300,Robert Hood
2301,Mini Pop Kids
2302,Chronic Law
2303,Little Symphony
2304,Mr.Children
2305,Little Symphony
2306,my little airport
2307,Eason Chan
2308,Charlie Brown Jr.
2309,Vybz Kartel
2310,Yiruma
2311,Tom Petty and the Heartbreakers
2312,The Beatles
2313,Eason Chan
2314,Carajo
2315,Os Barões Da Pisadinha
2316,Hank Williams;Drifting Cowboys
2317,Eason Chan
2318,Eikichi Yazawa
2319,Kidz Bop Kids
2320,Yiruma
2321,my little airport
2322,Eikichi Yazawa
2323,George Jones
2324,Charlie Brown Jr.
2325,my little airport
2326,Kathleen Madigan
2327,The Prodigy
2328,George Jones
2329,Glee Cast
2330,Jhayco
2331,Glee Cast
2332,Germaine Franco
2333,Lamb of God
2334,Burna Boy
2335,Ella Fitzgerald
2336,Wolfgang Amadeus Mozart;Danielle Laval
2337,Rammstein
2338,Almafuerte
2339,Bruno Mars;Anderson .Paak;Silk Sonic
2340,Norah Jones
2341,Randy Newman
2342,Glee Cast
2343,Tiësto;Charli XCX
2344,Arctic Monkeys
2345,Little Symphony
2346,Linkin Park
2347,The Prophet
2348,my little airport
2349,The Prophet
2350,George Jones
2351,Chuck Berry
2352,OneRepublic
2353,Tove Lo
2354,Charlie Brown Jr.
2355,Elvis Presley
2356,Norah Jones
2357,Nogizaka46
2358,Chris Tomlin
2359,Tom Petty and the Heartbreakers
2360,Vybz Kartel
2361,Rammstein
2362,Shiritsu Ebisu Chugaku
2363,Anupam Roy
2364,Glee Cast
2365,Anupam Roy
2366,Tom Petty and the Heartbreakers
2367,Jhayco;Bad Bunny
2368,Adele
2369,Jhayco
2370,Chuck Berry
2371,Randy Newman
2372,Red Hot Chili Peppers
2373,Red Hot Chili Peppers
2374,Germaine Franco
2375,Jhayco
2376,Gojira
2377,Inner City
2378,my little airport
2379,Almafuerte
2380,Kato
2381,Kevin Roldan
2382,Scorpions
2383,George Jones
2384,my little airport
2385,The Beatles
2386,Seiko Matsuda
2387,Pink Floyd
2388,Glee Cast
2389,Adele
2390,BaianaSystem
2391,Dan Gibson's Solitudes
2392,O Rappa
2393,Vybz Kartel
2394,Paul Johnson
2395,Glee Cast
2396,J Balvin;Maria Becerra
2397,Rammstein
2398,my little airport
2399,Jorge Aragão
2400,Gojira
2401,Bryan Adams
2402,Robert Schumann;Pavel Nersessian
2403,Scooter
2404,Dean Martin
2405,Weezer
2406,The Beatles
2407,Omar S
2408,my little airport
2409,Kathleen Madigan
2410,My Chemical Romance
2411,Dora The Explorer
2412,Elvis Presley
2413,Charlie Brown Jr.
2414,Official HIGE DANdism
2415,Daddy Yankee;Bad Bunny
2416,my little airport
2417,Håkan Hellström
2418,my little airport
2419,Ella Fitzgerald
2420,Ella Fitzgerald
2421,Lorne Balfe
2422,Hillsong Worship
2423,Blake Rules;Netherfriends
2424,Prateek Kuhad
2425,Scooter
2426,Criolo
2427,Glee Cast
2428,Norah Jones
2429,Adele
2430,The Beach Boys
2431,OneRepublic
2432,KAROL G
2433,BTS
2434,The Beatles
2435,The Beatles
2436,Eason Chan
2437,Charlie Brown Jr.
2438,Scooter
2439,Scorpions
2440,Linkin Park
2441,Justnormal
2442,Norah Jones
2443,The Beach Boys
2444,CoComelon
2445,Omar S
2446,Linkin Park
2447,Maneva
2448,Carlos Gardel
2449,Håkan Hellström
2450,Shiritsu Ebisu Chugaku
2451,Daddy Yankee
2452,Mr.Children
2453,Kid Abelha
2454,Jhayco;Anuel AA
2455,Vybz Kartel
2456,The Prodigy
2457,Rob Zombie
2458,Timothy Infinite
2459,Armin van Buuren
2460,Weezer
2461,OneRepublic
2462,Seiko Matsuda
2463,The Prophet
2464,Seiko Matsuda
2465,Daddy Yankee
2466,Glee Cast
2467,Germaine Franco
2468,Scooter
2469,Don Omar
2470,The Jackson 5
2471,Weezer
2472,George Jones
2473,Glee Cast
2474,Inner City
2475,Wisin & Yandel
2476,Scooter
2477,Feid
2478,Carajo
2479,Prateek Kuhad
2480,Linkin Park
2481,The Beatles
2482,Shiritsu Ebisu Chugaku
2483,Almafuerte
2484,Daddy Yankee
2485,Ghost
2486,Stevie Wonder
2487,George Jones
2488,Armin van Buuren
2489,Alan Menken
2490,Arctic Monkeys
2491,CoComelon
2492,salem ilese
2493,Matt Large
2494,BTS
2495,BTS
2496,Carlos Gardel
2497,Hermetica
2498,Kidz Bop Kids
2499,The Prophet
2500,Bullet For My Valentine
2501,Seiko Matsuda
2502,Chris Tomlin
2503,Criolo
2504,Ella Fitzgerald
2505,Red Hot Chili Peppers
2506,The Beach Boys
2507,Legião Urbana
2508,Royal Blood
2509,Weezer
2510,Armin van Buuren
2511,Kemuel
2512,Dan Gibson's Solitudes
2513,Bullet For My Valentine
2514,BTS
2515,BaianaSystem
2516,The Strokes
2517,OneRepublic
2518,Wisin & Yandel
2519,BTS
2520,Carajo
2521,Wisin & Yandel
2522,Shiritsu Ebisu Chugaku
2523,Håkan Hellström
2524,Dean Martin
2525,Feid
2526,Vybz Kartel
2527,Trazendo a Arca
2528,Burna Boy
2529,Lamb of God
2530,Feid
2531,Kemuel
2532,Robin Schulz;David Guetta
2533,Stam1na
2534,Daddy Yankee
2535,Germaine Franco
2536,Os Barões Da Pisadinha
2537,Glee Cast
2538,Ellie Goulding
2539,Glee Cast
2540,salem ilese
2541,Jay Chou
2542,The Prophet
2543,Stevie Wonder
2544,Keyakizaka46
2545,Hank Williams
2546,Jhayco;Bad Bunny
2547,Tom Petty and the Heartbreakers
2548,Jhayco;Bad Bunny
2549,Eason Chan
2550,Wisin & Yandel
2551,Norah Jones
2552,Alphaxone
2553,BOØWY
2554,Daddy Yankee;Bad Bunny
2555,Norah Jones
2556,The Beatles
2557,Eason Chan
2558,George Jones
2559,Glee Cast
2560,Glee Cast
2561,Rob Zombie
2562,Maneva
2563,J Balvin;Bad Bunny
2564,Anupam Roy
2565,KAROL G
2566,Robert Hood
2567,Norah Jones
2568,Chris Tomlin
2569,Boris Brejcha
2570,Official HIGE DANdism
2571,Adele
2572,Burna Boy
2573,Jamie Cullum
2574,Charlie Brown Jr.
2575,Jack Harlow
2576,Ella Fitzgerald
2577,The Platters
2578,Rob Zombie
2579,BTS
2580,Jack Harlow
2581,Scooter
2582,Glee Cast
2583,BTS
2584,Rammstein
2585,Burna Boy
2586,The Jackson 5
2587,my little airport
2588,Charlie Brown Jr.
2589,Almafuerte
2590,Koo Koo Kanga Roo
2591,Hank Williams;Drifting Cowboys
2592,Hillsong Worship
2593,Chris Tomlin
2594,Henrique & Juliano
2595,The Prophet
2596,Stam1na
2597,Little Symphony
2598,Anupam Roy
2599,Koo Koo Kanga Roo
2600,Nightwish
2601,Anupam Roy
2602,Linkin Park
2603,Rammstein
2604,Nightwish
2605,Hank Williams
2606,BTS
2607,Jimmy Eat World
2608,Seiko Matsuda
2609,Arctic Monkeys
2610,Daddy Yankee
2611,Marilyn Manson
2612,Chuck Berry
2613,Glee Cast
2614,Bruno Mars;Anderson .Paak;Silk Sonic
2615,Little Symphony
2616,Dan Gibson's Solitudes
2617,Arctic Monkeys
2618,Eason Chan
2619,O Rappa
2620,J Balvin;Maria Becerra
2621,The Beach Boys
2622,Ella Fitzgerald
2623,Rob Zombie
2624,Vadim Kozin
2625,Lorne Balfe
2626,Don Omar
2627,Biquini Cavadão
2628,Adele
2629,Bruno Mars;Anderson .Paak;Silk Sonic
2630,BTS
2631,Paul Johnson
2632,Jhayco;Bad Bunny
2633,The Platters
2634,Norah Jones
2635,Anupam Roy
2636,The Prodigy
2637,Glee Cast
2638,Ella Fitzgerald
2639,Jorge Aragão
2640,Napalm Death
2641,ONE OK ROCK
2642,The Beatles
2643,Scooter
2644,Billie Eilish
2645,The Jackson 5
2646,Nogizaka46
2647,"Sarah, the Illstrumentalist"
2648,J Balvin;Bad Bunny
2649,Greensky Bluegrass
2650,O Rappa
2651,my little airport
2652,Tim Maia
2653,Don Omar
2654,Almafuerte
2655,Feid
2656,Yiruma
2657,Ella Fitzgerald
2658,my little airport
2659,Cigarettes After Sex
2660,Matanza
2661,George Jones
2662,Bruno Mars;Anderson .Paak;Silk Sonic
2663,Vybz Kartel
2664,CoComelon
2665,Elvis Presley
2666,Bring Me The Horizon
2667,Ellie Goulding
2668,Feid
2669,J Balvin
2670,Brenda Lee
2671,Rata Blanca
2672,BOØWY
2673,Dora The Explorer
2674,Kato
2675,Norah Jones
2676,"Sarah, the Illstrumentalist"
2677,Tom Petty and the Heartbreakers
2678,BTS
2679,Glee Cast
2680,Adele
2681,Pink Sweat$
2682,RADWIMPS
2683,George Jones
2684,Anupam Roy
2685,Charlie Brown Jr.
2686,Linkin Park
2687,The Prodigy
2688,Trazendo a Arca
2689,Jimmy Eat World
2690,BOØWY
2691,The Prodigy
2692,Hank Williams;Drifting Cowboys
2693,Ella Fitzgerald
2694,Charlie Brown Jr.
2695,The Beatles
2696,Elvis Presley
2697,Stam1na
2698,CoComelon
2699,PXNDX
2700,Sujatha
2701,Feid
2702,CoComelon
2703,Os Barões Da Pisadinha
2704,my little airport
2705,Hermetica
2706,Bryan Adams
2707,George Jones
2708,Ella Fitzgerald
2709,Red Hot Chili Peppers
2710,Seiko Matsuda
2711,Cooltime Kids
2712,Die Toten Hosen
2713,BTS
2714,The Prophet
2715,The Beatles
2716,Asspera
2717,Brenda Lee
2718,Dan Gibson's Solitudes
2719,Ella Fitzgerald
2720,Ella Fitzgerald
2721,Lorne Balfe
2722,The Chemical Brothers
2723,When Chai Met Toast
2724,J Balvin;Bad Bunny
2725,Linkin Park
2726,Charlie Brown Jr.
2727,Eason Chan
2728,Yiruma
2729,Bryan Adams
2730,Norah Jones
2731,Los Prisioneros
2732,Kidz Bop Kids
2733,The Prophet
2734,Linkin Park
2735,Charlie Brown Jr.
2736,Lorne Balfe
2737,Red Hot Chili Peppers
2738,Dan Gibson's Solitudes
2739,blink-182
2740,The Beatles
2741,Glee Cast
2742,Don Omar
2743,Rob Zombie
2744,Linkin Park
2745,The Neighbourhood
2746,KAROL G
2747,Peggy Lee
2748,Marilyn Manson
2749,my little airport
2750,Greensky Bluegrass
2751,BaianaSystem
2752,Chuck Berry
2753,Wolfgang Amadeus Mozart;Danielle Laval
2754,Ella Fitzgerald
2755,Scooter
2756,Little Symphony
2757,blink-182
2758,Drexciya
2759,Hank Williams
2760,Soda Stereo
2761,Criolo
2762,Ella Fitzgerald
2763,Almafuerte
2764,Adele
2765,Ella Fitzgerald
2766,Chuck Berry
2767,BTS
2768,CoComelon
2769,Seiko Matsuda
2770,Marilyn Manson
2771,my little airport
2772,Los Prisioneros
2773,Kidz Bop Kids
2774,J Balvin;Bad Bunny
2775,CoComelon
2776,The Rolling Stones
2777,Lorne Balfe
2778,Feid
2779,Mini Pop Kids
2780,CoComelon
2781,Alphaxone
2782,BTS
2783,The Beach Boys
2784,Hank Williams;Drifting Cowboys
2785,Glee Cast
2786,George Jones
2787,CoComelon
2788,Ella Fitzgerald
2789,BTS
2790,my little airport
2791,Nirvana
2792,Vybz Kartel
2793,Dora The Explorer
2794,When Chai Met Toast
2795,Yiruma
2796,Eason Chan
2797,Marilyn Manson
2798,Ella Fitzgerald
2799,Omar S
2800,Burna Boy
2801,Charlie Brown Jr.
2802,Anupam Roy
2803,The Beatles
2804,Anupam Roy
2805,Official HIGE DANdism
2806,Paul Johnson
2807,Chuck Berry
2808,Pink Floyd
2809,Hank Williams
2810,Jamie Cullum
2811,CoComelon
2812,Hank Williams
2813,The Beatles
2814,Jhayco;Anuel AA
2815,Omar S
2816,George Jones
2817,my little airport
2818,The Jackson 5
2819,Rob Zombie
2820,Don Omar
2821,Hank Williams;Drifting Cowboys
2822,George Jones
2823,Adele
2824,XXXTENTACION
2825,Prateek Kuhad
2826,Vybz Kartel
2827,Norah Jones
2828,Stevie Wonder
2829,Rammstein
2830,BTS
2831,Håkan Hellström
2832,Pink Floyd
2833,Jhayco;Anuel AA
2834,Vybz Kartel
2835,Wisin & Yandel
2836,The Beatles
2837,CoComelon
2838,Dora The Explorer
2839,Prateek Kuhad
2840,Kevin Roldan
2841,Charly García
2842,Daddy Yankee
2843,The Chemical Brothers
2844,Jay Chou
2845,Almafuerte
2846,Mickie Krause
2847,Los Caligaris
2848,Linkin Park
2849,Cigarettes After Sex
2850,Kato
2851,George Jones
2852,J Balvin;Maria Becerra
2853,Håkan Hellström
2854,Yiruma
2855,Hank Williams
2856,BTS
2857,my little airport
2858,BaianaSystem
2859,Rata Blanca
2860,Jack Harlow
2861,Jhayco
2862,Paul Johnson
2863,my little airport
2864,Håkan Hellström
2865,Alphaxone
2866,Kato
2867,Charlie Brown Jr.
2868,The Prodigy
2869,Patricio Rey y sus Redonditos de Ricota
2870,Daddy Yankee
2871,Glee Cast
2872,my little airport
2873,Almafuerte
2874,George Jones
2875,Asspera
2876,Robin Schulz;David Guetta
2877,Norah Jones
2878,BTS
2879,OneRepublic
2880,Jhayco
2881,Wolfgang Amadeus Mozart;Danielle Laval
2882,Glee Cast
2883,BTS
2884,Greensky Bluegrass
2885,Vybz Kartel
2886,The Supremes
2887,Rob Zombie
2888,Maneva
2889,Norah Jones
2890,Patricio Rey y sus Redonditos de Ricota
2891,The Neighbourhood
2892,Vadim Kozin
2893,My Chemical Romance
2894,Gerson Rufino
2895,Nogizaka46
2896,Matanza
2897,Greensky Bluegrass
2898,Little Symphony
2899,The Rolling Stones
2900,Eason Chan
2901,Prateek Kuhad
2902,CoComelon
2903,Glee Cast
2904,Henrique & Juliano
2905,Daddy Yankee
2906,Hank Williams
2907,BTS
2908,Arctic Monkeys
2909,Eason Chan
2910,Nogizaka46
2911,Robert Hood
2912,Paul Johnson
2913,Almafuerte
2914,Jimmy Eat World
2915,Robert Schumann;Pavel Nersessian
2916,Jason Mraz
2917,Germaine Franco
2918,Jorge Drexler
2919,Dan Gibson's Solitudes
2920,Jim Brickman
2921,The Beatles
2922,The Prodigy
2923,Keyakizaka46
2924,Feid
2925,When Chai Met Toast
2926,my little airport
2927,Henrique & Juliano
2928,The Neighbourhood
2929,Stevie Wonder
2930,BTS
2931,John Mayer
2932,Eason Chan
2933,Ella Fitzgerald
2934,my little airport
2935,CoComelon
2936,Prateek Kuhad
2937,Linkin Park
2938,The Neighbourhood
2939,Marilyn Manson
2940,BOØWY
2941,Los Prisioneros
2942,Jorge Drexler
2943,OneRepublic
2944,Chuck Berry
2945,Jamie Cullum
2946,John Mayer
2947,PXNDX
2948,Jhayco
2949,Carajo
2950,The Beatles
2951,Red Hot Chili Peppers
2952,Scooter
2953,Ellie Goulding
2954,Daddy Yankee;Bad Bunny
2955,The Chemical Brothers
2956,Håkan Hellström
2957,Billy Joel
2958,Chris Tomlin
2959,Alphaxone
2960,Weezer
2961,Little Symphony
2962,Paul Johnson
2963,The Beach Boys
2964,Keyakizaka46
2965,Carlos Gardel
2966,BaianaSystem
2967,The Strokes
2968,Bruno Mars;Anderson .Paak;Silk Sonic
2969,BaianaSystem
2970,Trazendo a Arca
2971,Eason Chan
2972,Inner City
2973,Norah Jones
2974,Seiko Matsuda
2975,Stevie Wonder
2976,BTS
2977,Norah Jones
2978,Stevie Wonder
2979,Håkan Hellström
2980,Blake Rules;Netherfriends
2981,Eason Chan
2982,Anupam Roy
2983,Jhayco;Bad Bunny
2984,Mickie Krause
2985,The Prodigy
2986,Eason Chan
2987,Red Hot Chili Peppers
2988,RADWIMPS
2989,Criolo
2990,Glee Cast
2991,The Platters
2992,Mickie Krause
2993,Pink Floyd
2994,Scooter
2995,Jamie Cullum
2996,Håkan Hellström
2997,Eason Chan
2998,The Beatles
2999,Cooltime Kids
3000,my little airport
3001,Die Toten Hosen
3002,Kemuel
3003,Trazendo a Arca
3004,Arctic Monkeys
3005,Nightwish
3006,Billie Eilish
3007,J Balvin;Bad Bunny
3008,Stevie Wonder
3009,Ella Fitzgerald
3010,Eason Chan
3011,The Supremes
3012,Håkan Hellström
3013,Nickelback
3014,Almafuerte
3015,Jack Harlow
3016,BTS
3017,Yiruma
3018,CoComelon
3019,Glee Cast
3020,Justin Bieber
3021,Criolo
3022,Boris Brejcha
3023,George Jones
3024,Norah Jones
3025,Dean Martin
3026,Arctic Monkeys
3027,Chronic Law
3028,BTS
3029,Blake Rules;Netherfriends
3030,Lorne Balfe
3031,Håkan Hellström
3032,Charlie Brown Jr.
3033,Arctic Monkeys
3034,Red Hot Chili Peppers
3035,Eason Chan
3036,Hank Williams
3037,BTS
3038,Almafuerte
3039,John Mayer
3040,Yiruma
3041,Rata Blanca
3042,Soda Stereo
3043,Carlos Gardel
3044,Official HIGE DANdism
3045,CoComelon
3046,salem ilese
3047,Almafuerte
3048,blink-182
3049,Rob Zombie
3050,Dean Martin
3051,Linkin Park
3052,Ella Fitzgerald
3053,Red Hot Chili Peppers
3054,The Beach Boys
3055,George Jones
3056,Omar S
3057,J Balvin
3058,Bruno Mars;Anderson .Paak;Silk Sonic
3059,Jim Brickman
3060,Matanza
3061,Daddy Yankee
3062,BTS
3063,Feid
3064,Eikichi Yazawa
3065,Jorge Drexler
3066,Elvis Presley
3067,Drexciya
3068,Robert Hood
3069,Little Symphony
3070,Charlie Brown Jr.
3071,Arctic Monkeys
3072,Vybz Kartel
3073,CoComelon
3074,Red Hot Chili Peppers
3075,my little airport
3076,Daddy Yankee;Bad Bunny
3077,Vybz Kartel
3078,George Jones
3079,Ella Fitzgerald
3080,my little airport
3081,Jhayco
3082,Marilyn Manson
3083,Tiësto;Charli XCX
3084,Scooter
3085,Cigarettes After Sex
3086,Daddy Yankee
3087,The Chemical Brothers
3088,Linkin Park
3089,Carlos Gardel
3090,The Beach Boys
3091,BTS
3092,Momoiro Clover Z
3093,Ella Fitzgerald
3094,Carlos Gardel
3095,BTS
3096,J Balvin;Maria Becerra
3097,BTS
3098,Jorge Drexler
3099,Charlie Brown Jr.
3100,The Chemical Brothers
3101,Rob Zombie
3102,Daddy Yankee
3103,Billie Eilish
3104,BaianaSystem
3105,Chronic Law
3106,Rammstein
3107,Chuck Berry
3108,George Jones
3109,CoComelon
3110,Chuck Berry
3111,Hank Williams;Drifting Cowboys
3112,Tiësto;Charli XCX
3113,The Jackson 5
3114,Alphaxone
3115,Linkin Park
3116,KAROL G
3117,Sorriso Maroto
3118,Hillsong Worship
3119,Scooter
3120,Daddy Yankee
3121,Stevie Wonder
3122,Elvis Presley
3123,Eason Chan
3124,Blake Rules;Netherfriends
3125,Rammstein
3126,The Neighbourhood
3127,Stevie Wonder
3128,Anupam Roy
3129,O Rappa
3130,Cooltime Kids
3131,Stevie Wonder
3132,Hank Williams;Drifting Cowboys
3133,Pink Sweat$
3134,Burna Boy
3135,Norah Jones
3136,Rata Blanca
3137,Boris Brejcha
3138,Kevin Roldan
3139,Carajo
3140,Napalm Death
3141,Ritviz
3142,The Beatles
3143,The Beach Boys
3144,Prateek Kuhad
3145,Arctic Monkeys
3146,Sorriso Maroto
3147,Dean Martin
3148,The Beach Boys
3149,my little airport
3150,Gojira
3151,Carajo
3152,Vybz Kartel
3153,Linkin Park
3154,Brenda Lee
3155,The Jackson 5
3156,Charlie Brown Jr.
3157,The Supremes
3158,Mini Pop Kids
3159,Oleg Pogudin
3160,Linkin Park
3161,George Jones
3162,Randy Newman
3163,Rammstein
3164,Koo Koo Kanga Roo
3165,The Neighbourhood
3166,Stam1na
3167,Elvis Presley
3168,Die Toten Hosen
3169,Feid
3170,Nirvana
3171,J Balvin
3172,Eikichi Yazawa
3173,Shinedown
3174,Hank Williams;Drifting Cowboys
3175,Marilyn Manson
3176,The Prophet
3177,Charlie Brown Jr.
3178,George Jones
3179,Carajo
3180,Brenda Lee
3181,Håkan Hellström
3182,Linkin Park
3183,Elvis Presley
3184,Daddy Yankee
3185,Os Barões Da Pisadinha
3186,Chronic Law
3187,Germaine Franco
3188,Seiko Matsuda
3189,Maneva
3190,Wolfgang Amadeus Mozart;Danielle Laval
3191,Jay Chou
3192,The Beach Boys
3193,Chronic Law
3194,The Beatles
3195,Boris Brejcha
3196,George Jones
3197,ONE OK ROCK
3198,Criolo
3199,Håkan Hellström
3200,Gojira
3201,Glee Cast
3202,Greensky Bluegrass
3203,Glee Cast
3204,Trazendo a Arca
3205,Stevie Wonder
3206,Håkan Hellström
3207,Official HIGE DANdism
3208,Kathleen Madigan
3209,When Chai Met Toast
3210,Prateek Kuhad
3211,Exaltasamba
3212,Koo Koo Kanga Roo
3213,Eason Chan
3214,Linkin Park
3215,Scooter
3216,The Beatles
3217,J Balvin
3218,ONE OK ROCK
3219,RADWIMPS
3220,Little Symphony
3221,Scooter
3222,Prateek Kuhad
3223,Red Hot Chili Peppers
3224,Arctic Monkeys
3225,Lamb of God
3226,Prateek Kuhad
3227,Arctic Monkeys
3228,OneRepublic
3229,Stevie Wonder
3230,Dora The Explorer
3231,Chuck Berry
3232,Eason Chan
3233,BTS
3234,BOØWY
3235,Shinedown
3236,Carlos Gardel
3237,Elvis Presley
3238,Hillsong Worship
3239,Boris Brejcha
3240,Dean Martin
3241,Don Omar
3242,Rammstein
3243,Drexciya
3244,Dean Martin
3245,Ella Fitzgerald
3246,CoComelon
3247,my little airport
3248,Daddy Yankee;Bad Bunny
3249,The Prophet
3250,Chuck Berry
3251,my little airport
3252,Little Symphony
3253,O Rappa
3254,Norah Jones
3255,BTS
3256,Daddy Yankee
3257,Timothy Infinite
3258,Glee Cast
3259,Håkan Hellström
3260,Almafuerte
3261,Hank Williams;Drifting Cowboys
3262,Chuck Berry
3263,Alphaxone
3264,Matanza
3265,Charlie Brown Jr.
3266,Lorne Balfe
3267,PXNDX
3268,Greensky Bluegrass
3269,Rammstein
3270,The Prodigy
3271,Cooltime Kids
3272,blink-182
3273,Alphaxone
3274,Wisin & Yandel
3275,Yiruma
3276,The Prophet
3277,OneRepublic
3278,Don Omar
3279,Adele
3280,Håkan Hellström
3281,Carlos Gardel
3282,Gerson Rufino
3283,"Sarah, the Illstrumentalist"
3284,Marilyn Manson
3285,Ella Fitzgerald
3286,BTS
3287,OneRepublic
3288,Maneva
3289,The Strokes
3290,Jack Harlow
3291,Robert Hood
3292,Vybz Kartel
3293,When Chai Met Toast
3294,Armin van Buuren
3295,Shiritsu Ebisu Chugaku
3296,Almafuerte
3297,Billie Eilish
3298,my little airport
3299,Wisin & Yandel
3300,Stevie Wonder
3301,The Chemical Brothers
3302,Justnormal
3303,Vybz Kartel
3304,Anupam Roy
3305,Wolfgang Amadeus Mozart;Danielle Laval
3306,Napalm Death
3307,Dan Gibson's Solitudes
3308,CoComelon
3309,Jason Mraz
3310,George Jones
3311,Little Symphony
3312,XXXTENTACION
3313,OneRepublic
3314,Mickie Krause
3315,Blake Rules;Netherfriends
3316,ONE OK ROCK
3317,my little airport
3318,Randy Newman
3319,Wolfgang Amadeus Mozart;Danielle Laval
3320,my little airport
3321,Prateek Kuhad
3322,Hank Williams
3323,Germaine Franco
3324,Håkan Hellström
3325,Scooter
3326,Glee Cast
3327,Red Hot Chili Peppers
3328,Kid Abelha
3329,Ella Fitzgerald
3330,Adele
3331,Ella Fitzgerald
3332,Prateek Kuhad
3333,my little airport
3334,Prateek Kuhad
3335,Elvis Presley
3336,my little airport
3337,Ella Fitzgerald
3338,Jack Harlow
3339,Jim Brickman
3340,Almafuerte
3341,Stevie Wonder
3342,Kid Abelha
3343,Håkan Hellström
3344,Bryan Adams
3345,Linkin Park
3346,Glee Cast
3347,Eason Chan
3348,Henrique & Juliano
3349,Shinedown
3350,Eason Chan
3351,Rob Zombie
3352,Anupam Roy
3353,my little airport
3354,Wisin & Yandel
3355,Rammstein
3356,Mini Pop Kids
3357,Linkin Park
3358,Jhayco;Anuel AA
3359,Prateek Kuhad
3360,Feid
3361,Jay Chou
3362,Justnormal
3363,Nirvana
3364,BTS
3365,Billie Eilish
3366,my little airport
3367,Soda Stereo
3368,Dean Martin
3369,Elvis Presley
3370,The Beatles
3371,KAROL G
3372,Matanza
3373,Almafuerte
3374,Håkan Hellström
3375,Glee Cast
3376,Glee Cast
3377,Red Hot Chili Peppers
3378,Pink Sweat$
3379,The Beach Boys
3380,Dean Martin
3381,Lamb of God
3382,Linkin Park
3383,Weezer
3384,Burna Boy
3385,J Balvin;Bad Bunny
3386,Alphaxone
3387,Linkin Park
3388,Lamb of God
3389,Linkin Park
3390,When Chai Met Toast
3391,Anupam Roy
3392,Scooter
3393,Charlie Brown Jr.
3394,Feid
3395,Napalm Death
3396,Arctic Monkeys
3397,Glee Cast
3398,Glee Cast
3399,Scorpions
3400,The Prophet
3401,Armin van Buuren
3402,Jamie Cullum
3403,J Balvin
3404,Vybz Kartel
3405,Tom Petty and the Heartbreakers
3406,Sujatha
3407,my little airport
3408,Rata Blanca
3409,George Jones
3410,Glee Cast
3411,Jason Mraz
3412,Kemuel
3413,Stevie Wonder
3414,Jhayco;Anuel AA
3415,Gerson Rufino
3416,BTS
3417,BTS
3418,Hank Williams
3419,Kidz Bop Kids
3420,Rata Blanca
3421,BTS
3422,The Neighbourhood
3423,Lorne Balfe
3424,Maneva
3425,Feid
3426,Ritviz
3427,Bruno Mars;Anderson .Paak;Silk Sonic
3428,Prateek Kuhad
3429,Seiko Matsuda
3430,Germaine Franco
3431,Arijit Singh
3432,Norah Jones
3433,Norah Jones
3434,Mr.Children
3435,Anupam Roy
3436,Blake Rules;Netherfriends
3437,George Jones
3438,Charlie Brown Jr.
3439,Jack Harlow
3440,Wolfgang Amadeus Mozart;Danielle Laval
3441,Scooter
3442,Almafuerte
3443,Jay Chou
3444,George Jones
3445,Nightwish
3446,Wolfgang Amadeus Mozart;Danielle Laval
3447,Eason Chan
3448,Tom Petty and the Heartbreakers
3449,Exaltasamba
3450,my little airport
3451,Eason Chan
3452,Maneva
3453,Nogizaka46
3454,OneRepublic
3455,CoComelon
3456,Sujatha
3457,Rammstein
3458,Sujatha
3459,Hank Williams;Drifting Cowboys
3460,Official HIGE DANdism
3461,Vybz Kartel
3462,Håkan Hellström
3463,Vybz Kartel
3464,BaianaSystem
3465,Hank Williams
3466,Jack Harlow
3467,BOØWY
3468,Chris Tomlin
3469,Norah Jones
3470,Stevie Wonder
3471,Burna Boy
3472,Brenda Lee
3473,Tove Lo
3474,Chuck Berry
3475,The Strokes
3476,The Prophet
3477,my little airport
3478,Official HIGE DANdism
3479,Billie Eilish
3480,The Beatles
3481,Tom Petty and the Heartbreakers
3482,Hillsong Worship
3483,Wisin & Yandel
3484,Jim Brickman
3485,my little airport
3486,Napalm Death
3487,Dean Martin
3488,Anupam Roy
3489,Official HIGE DANdism
3490,Koo Koo Kanga Roo
3491,Hank Williams
3492,Chuck Berry
3493,XXXTENTACION
3494,Hank Williams
3495,Vadim Kozin
3496,Robert Hood
3497,Eikichi Yazawa
3498,Boris Brejcha
3499,Red Hot Chili Peppers
3500,Hank Williams
3501,Royal Blood
3502,Vybz Kartel
3503,Almafuerte
3504,Linkin Park
3505,Weezer
3506,Justnormal
3507,The Chemical Brothers
3508,Soda Stereo
3509,Eason Chan
3510,Linkin Park
3511,Ella Fitzgerald
3512,Charlie Brown Jr.
3513,Jhayco;Bad Bunny
3514,Shinedown
3515,Germaine Franco
3516,The Beatles
3517,Feid
3518,Prateek Kuhad
3519,Robert Schumann;Pavel Nersessian
3520,Koo Koo Kanga Roo
3521,Justin Bieber
3522,Bring Me The Horizon
3523,Eason Chan
3524,Håkan Hellström
3525,Nogizaka46
3526,Feid
3527,Linkin Park
3528,Pink Floyd
3529,KAROL G
3530,Glee Cast
3531,Vybz Kartel
3532,Adele
3533,Chris Tomlin
3534,my little airport
3535,Paul Johnson
3536,The Chemical Brothers
3537,Carajo
3538,Mr.Children
3539,Boris Brejcha
3540,Alphaxone
3541,Bring Me The Horizon
3542,The Beatles
3543,Cigarettes After Sex
3544,OneRepublic
3545,Matanza
3546,Glee Cast
3547,The Neighbourhood
3548,The Chemical Brothers
3549,KAROL G
3550,BTS
3551,The Beach Boys
3552,Jimmy Eat World
3553,CoComelon
3554,Glee Cast
3555,Don Omar
3556,Cigarettes After Sex
3557,The Beatles
3558,Eason Chan
3559,Robert Hood
3560,Linkin Park
3561,Gojira
3562,Linkin Park
3563,Kidz Bop Kids
3564,CoComelon
3565,Robert Hood
3566,Jorge Drexler
3567,Elvis Presley
3568,Chuck Berry
3569,Glee Cast
3570,BTS
3571,my little airport
3572,The Jackson 5
3573,The Rolling Stones
3574,Scooter
3575,J Balvin;Maria Becerra
3576,Lamb of God
3577,Omar S
3578,Napalm Death
3579,Blake Rules;Netherfriends
3580,Gojira
3581,my little airport
3582,Elvis Presley
3583,Sujatha
3584,Hillsong Worship
3585,Jimmy Eat World
3586,Don Omar
3587,Jamie Cullum
3588,Keyakizaka46
3589,Norah Jones
3590,Don Omar
3591,Little Symphony
3592,Seiko Matsuda
3593,George Jones
3594,Mickie Krause
3595,Nikolay Kopylov
3596,Rammstein
3597,Jhayco
3598,Dan Gibson's Solitudes
3599,Arctic Monkeys
3600,Chronic Law
3601,Red Hot Chili Peppers
3602,Almafuerte
3603,Napalm Death
3604,The Prophet
3605,OneRepublic
